medium_multiplier,high_multiplier,balanced_accuracy
0.78,2.07,0.9714268564504726
0.96,2.55,0.9714228671893025
0.84,2.23,0.9714166576200977
0.8,2.13,0.971408834292229
0.98,2.61,0.9714068847971338
0.9,2.39,0.9714011012353402
0.94,1.69,0.9713988739970199
0.92,2.45,0.9713965956957792
0.94,2.49,0.9713964186083218
0.96,1.73,0.97139479446487
0.94,2.51,0.9713920901562183
0.92,1.65,0.9713894369104872
1.02,2.71,0.9713892886463013
0.98,2.31,0.9713881558221255
1.04,2.77,0.9713872488802263
1.06,1.91,0.971387061407981
0.82,1.47,0.9713861191221794
0.98,1.77,0.9713857833857481
0.96,1.71,0.9713851802908801
0.86,2.29,0.9713797612887887
0.84,1.51,0.9713746422695716
0.8,1.45,0.9713737902547498
1.04,1.87,0.9713731187818874
0.96,1.79,0.9713721949345692
0.94,1.71,0.9713709887448326
0.78,1.41,0.9713708984738528
0.92,2.17,0.9713708954077239
0.88,2.33,0.9713705731222095
0.96,1.65,0.9713702803950034
1.14,2.05,0.9713698912645595
0.92,1.67,0.9713685229713467
1.04,2.45,0.9713685199052179
0.78,1.39,0.9713682556129096
1.02,1.83,0.9713681872349156
0.96,1.75,0.9713669092126826
1.0,2.67,0.9713659089336749
0.86,1.55,0.9713656311904498
0.82,2.19,0.9713653926552842
1.06,1.89,0.9713635046078974
1.04,1.85,0.9713635046078974
0.98,1.75,0.9713622265856645
0.96,2.19,0.9713613530662301
0.96,1.63,0.9713606662210132
1.14,2.03,0.9713602770905694
1.06,1.93,0.9713591761557939
0.9,1.63,0.971359085884814
1.14,2.69,0.971358321074843
0.98,1.79,0.971357898133561
0.98,2.29,0.9713576277089949
1.08,1.95,0.9713575623971299
0.8,1.43,0.9713572047677129
0.98,1.83,0.9713562125424007
0.86,1.53,0.9713560170164598
1.14,2.07,0.9713559486384659
1.12,2.01,0.9713559486384659
0.98,1.69,0.9713542980028347
0.8,1.87,0.9713526058910432
0.88,2.35,0.9713523020440125
1.04,1.89,0.9713522048427471
1.0,1.81,0.9713517788353361
0.82,1.49,0.9713512625569454
1.0,2.65,0.9713493234466379
0.96,2.27,0.9713483677099196
0.82,1.41,0.9713476624262191
0.86,1.59,0.9713473601122526
0.92,2.15,0.9713473386076403
1.02,1.85,0.9713472732957751
0.86,2.03,0.9713470896876867
0.84,1.53,0.9713467570173844
0.96,2.57,0.9713461827457875
1.1,1.99,0.9713460855445221
1.08,2.55,0.9713459922074134
0.94,2.23,0.9713454759290227
0.88,1.59,0.9713451432587205
0.98,1.67,0.9713446838288448
1.14,2.11,0.9713446488733153
1.1,2.05,0.9713443999533619
1.16,2.09,0.9713428580271941
0.9,1.61,0.9713425003977773
1.06,1.83,0.971341633398974
1.04,1.79,0.971341633398974
0.9,1.55,0.9713415431279943
0.8,1.89,0.9713413061258929
1.06,2.51,0.9713406346530306
1.0,1.85,0.9713404790701857
0.98,2.33,0.9713393566307976
0.98,2.59,0.971338857257826
0.96,2.25,0.9713387535359295
0.82,1.87,0.9713387350974458
1.04,2.43,0.9713379917920872
0.86,1.57,0.9713377459382627
0.94,2.15,0.9713375473461928
0.94,1.79,0.9713370894493815
0.92,1.59,0.9713370375884333
0.78,1.33,0.9713367702299962
1.02,1.75,0.9713367018520022
1.08,1.97,0.9713366484579894
0.8,1.29,0.9713360618801667
0.82,1.53,0.9713356343396914
1.1,1.89,0.971335514100749
1.06,1.71,0.9713353904073045
0.94,1.65,0.9713351749098157
1.12,2.03,0.9713350346993254
0.88,1.51,0.9713345718149474
1.02,1.73,0.9713340589910588
1.08,1.93,0.9713340055970461
1.04,1.93,0.9713339337645498
0.88,1.63,0.97133384349357
0.9,1.67,0.97133384349357
0.84,1.43,0.9713335427126681
0.92,1.61,0.9713327091363296
1.06,1.81,0.9713320192249838
1.04,1.77,0.9713320192249838
0.9,1.53,0.9713319289540041
0.78,1.85,0.9713314430319492
0.84,1.57,0.9713311288001304
1.12,2.07,0.9713307062472217
0.86,2.01,0.9713305042006497
0.78,2.09,0.9713292580678172
0.84,1.45,0.9713292142605646
0.96,1.55,0.9713291808380998
1.02,1.89,0.971329002217578
0.78,1.83,0.971328800171006
0.92,2.43,0.9713285681564713
0.88,1.57,0.9713285577716836
0.92,1.57,0.9713274234144432
1.06,1.97,0.971326962451503
0.9,2.13,0.9713266017559571
1.1,2.51,0.9713265867719759
0.8,1.83,0.9713264062300162
1.14,2.13,0.9713263777951182
0.96,1.83,0.9713260386041848
0.94,1.63,0.9713255607358255
0.78,1.35,0.9713254704648459
1.1,2.01,0.9713251716053817
1.1,2.57,0.9713249011808157
0.84,1.47,0.971324885808461
0.94,1.75,0.9713248324144482
0.78,1.45,0.9713247421434684
1.14,1.97,0.9713244632555522
1.06,2.49,0.9713240491659937
0.98,1.87,0.9713239988381098
0.94,1.67,0.9713238751446652
0.98,2.63,0.9713232290405721
1.06,1.99,0.9713226339993994
0.92,1.71,0.9713223666409623
1.0,1.87,0.9713222079919884
0.92,2.19,0.9713220962163961
0.94,2.21,0.9713219191289388
0.9,1.45,0.9713213575102312
0.84,1.99,0.9713212442015743
0.96,2.15,0.9713212107791095
1.14,2.67,0.9713208216486656
0.94,1.77,0.9713205039623447
1.04,2.47,0.9713197207138902
1.02,2.73,0.971319575515833
0.84,2.25,0.9713190592374423
1.1,1.87,0.9713189286137123
0.82,1.95,0.9713187784280883
0.86,2.27,0.9713187050625276
0.84,1.97,0.9713186013406311
1.16,1.99,0.9713183439573275
1.12,1.93,0.9713174919425055
0.9,2.41,0.9713174454787783
0.96,1.69,0.9713171527515722
0.9,2.11,0.971316987581967
1.14,2.71,0.9713164931965621
0.78,1.49,0.9713160852392613
1.0,1.75,0.971315965000319
1.08,2.53,0.9713154640942828
0.94,1.73,0.9713152182404582
0.86,1.61,0.9713151464079619
1.14,2.17,0.9713150780299679
1.16,2.11,0.9713149727750068
1.02,2.41,0.9713147891669184
1.08,1.89,0.971314777249066
1.0,1.79,0.9713142794091588
0.78,1.37,0.9713141706996954
1.02,2.33,0.9713138318971354
1.0,1.73,0.9713133221393756
1.12,2.09,0.9713124351690247
1.16,2.07,0.9713123299140637
1.0,2.37,0.9713123233934322
1.02,2.39,0.9713121463059751
1.06,2.43,0.9713117921310603
0.88,2.01,0.9713117018600806
1.08,2.57,0.9713111356421793
0.92,1.73,0.9713110668758119
0.8,1.47,0.9713110484373284
1.02,1.91,0.9713107311393808
1.16,2.15,0.9713106443229033
1.16,1.97,0.9713087297833374
1.04,1.95,0.9713086913733059
0.9,1.69,0.9713086011023261
1.14,2.61,0.9713085646137323
0.78,1.43,0.9713081566564314
1.16,2.71,0.971307731037394
0.8,1.39,0.9713074483066021
0.92,2.11,0.9713071963205197
1.1,2.61,0.9713066301026184
0.96,2.29,0.9713065398316386
0.86,1.49,0.9713062605553491
0.98,1.59,0.9713062271328843
0.92,1.69,0.9713057811539253
0.88,2.09,0.9713056878168166
1.04,2.75,0.9713052787148247
1.08,1.87,0.9713051630750759
0.8,1.53,0.9713050343940646
1.0,2.29,0.9713043948106025
0.94,2.11,0.9713043763721191
0.82,2.17,0.9713043364290231
0.86,1.97,0.9713043045396228
0.78,1.75,0.9713042861011392
0.96,1.77,0.9713041673952615
1.04,2.79,0.9713035931236645
0.98,2.25,0.9713035427957806
1.06,1.95,0.9713034056514194
0.88,1.61,0.9713033153804395
1.1,1.93,0.9713033003964583
1.08,2.47,0.9713032070593495
1.0,1.83,0.9713029796440084
0.92,1.49,0.9713029093445765
1.12,2.65,0.9713025505704684
0.96,1.81,0.9713024818041012
1.04,1.83,0.9713024483816364
0.94,1.61,0.971302003935742
1.12,1.91,0.9713009064554686
1.02,2.43,0.9713008465408247
0.96,1.67,0.9713005672645352
1.08,2.03,0.971300106301595
0.86,1.39,0.9713000175636797
0.8,1.49,0.971299748672178
1.04,2.33,0.9712995350961271
1.16,2.17,0.9712993445577528
0.92,2.47,0.9712989973131237
0.96,2.21,0.9712986112488089
0.94,2.19,0.9712983623288552
1.06,1.69,0.9712978909811273
1.02,1.79,0.9712975168346646
0.8,2.15,0.97129729328348
1.0,1.91,0.9712969656007445
1.0,1.71,0.9712967366523388
0.86,1.47,0.9712966463813592
1.04,1.91,0.9712964343383725
0.9,1.65,0.9712963440673926
0.8,1.41,0.9712961485414517
1.0,2.35,0.9712957379063955
0.78,1.79,0.9712956291969322
1.06,1.87,0.9712954770685895
1.16,2.65,0.9712954740024605
0.8,1.51,0.9712954202200746
0.98,1.81,0.9712951563161396
0.86,1.51,0.9712949607901988
0.88,1.65,0.9712946584762324
1.1,1.97,0.9712946434922513
0.94,2.53,0.971294491773563
0.98,1.73,0.9712941990463566
0.98,1.85,0.9712934707249793
1.14,2.09,0.9712932068210445
1.16,2.03,0.9712931015660834
1.12,2.63,0.9712929363964783
0.78,1.47,0.9712925284391777
0.8,1.91,0.9712925069345651
1.06,2.53,0.9712918354617028
0.86,2.05,0.971291319183312
1.16,1.87,0.9712911870265174
0.8,1.37,0.9712908628195652
1.08,2.01,0.971290492127605
0.94,2.25,0.9712897054246481
1.16,2.75,0.9712894599591967
0.96,2.53,0.9712894549716301
0.94,2.17,0.9712887481548652
1.02,1.65,0.9712886309820518
0.82,1.51,0.971288520739524
0.96,2.31,0.9712882687534415
0.82,1.93,0.9712882503149579
0.92,2.07,0.9712879679725394
0.78,1.89,0.9712879295625081
1.14,1.95,0.971286963829375
1.06,2.47,0.9712865497398164
1.12,2.05,0.9712862355079976
0.82,1.33,0.971285648930175
0.92,2.23,0.9712855540600019
1.02,1.95,0.9712854887481367
0.84,1.93,0.9712854303665573
1.08,1.75,0.9712849774573127
1.02,1.87,0.9712845314783539
0.94,1.53,0.971284461178922
0.98,2.21,0.9712843144478005
1.04,2.39,0.9712839068788731
1.16,2.01,0.9712834873920934
1.04,1.99,0.9712834489820619
1.12,1.81,0.9712833636986488
1.14,1.85,0.9712833636986488
0.92,2.21,0.9712829111990585
0.86,2.31,0.9712821629061333
1.1,2.07,0.9712816581359406
1.16,2.21,0.9712810734795557
1.02,1.77,0.9712809313476276
1.08,1.99,0.9712808779536148
1.06,2.55,0.9712805356965525
0.84,1.89,0.9712801446446707
0.98,2.23,0.971279985995697
1.1,1.91,0.9712797435963746
1.04,1.69,0.97127961990293
0.92,1.47,0.9712793525444928
1.04,1.81,0.9712788915815526
1.06,2.39,0.9712786211569866
1.12,1.97,0.9712783069251678
1.14,2.01,0.9712783069251678
0.9,2.15,0.9712778025646295
0.98,1.71,0.9712776135593199
1.14,2.15,0.9712775786037907
0.84,1.55,0.9712770438869162
0.96,2.33,0.9712769689882911
0.9,2.07,0.9712768452948465
1.06,2.03,0.971276477669015
1.06,2.57,0.9712762072444489
1.1,2.59,0.9712761019894879
0.98,1.57,0.9712756990197539
1.12,2.51,0.9712753936396585
0.88,2.07,0.9712751597036862
1.12,2.67,0.9712746653182812
0.9,2.37,0.9712746603307146
0.88,1.55,0.9712744728584694
1.06,2.41,0.9712742927048831
1.12,1.99,0.9712739784730643
1.06,2.01,0.971273834808072
0.98,1.55,0.9712730561588107
0.82,1.97,0.971272622097704
0.84,2.01,0.9712724450102467
1.06,1.85,0.971271920268506
0.82,1.91,0.971271664827921
1.0,2.25,0.9712712238365288
0.86,1.93,0.971271133565549
1.0,2.39,0.9712704955151515
0.78,1.27,0.9712704282818486
1.08,2.43,0.9712700360852757
0.96,2.59,0.9712694983022726
0.82,1.31,0.9712690634431382
0.82,1.89,0.9712690219669776
0.8,2.11,0.9712684507615098
1.14,2.57,0.9712684223266118
1.0,2.69,0.9712683105510195
0.94,1.51,0.9712678756918852
0.78,1.25,0.9712677854209053
1.08,1.85,0.9712676636488986
1.02,2.29,0.971266718296968
0.96,1.57,0.9712664390206784
1.0,1.89,0.9712664374876141
1.16,2.13,0.9712661735836791
0.82,1.55,0.9712659212092233
0.82,1.39,0.9712656922608177
1.06,1.73,0.9712656772768363
0.88,1.43,0.9712655870058566
1.1,2.47,0.9712655305457149
0.96,2.17,0.971265440274735
0.94,1.49,0.9712652328309419
1.0,2.33,0.9712652097932649
1.08,1.83,0.9712650207879553
0.88,1.53,0.9712648586844792
1.1,2.63,0.9712648022243376
0.9,2.03,0.9712645882599132
0.84,1.61,0.9712640585306055
1.1,2.53,0.9712638449545546
0.82,1.85,0.9712637362450912
0.8,1.85,0.971263664412595
0.94,1.83,0.97126304786681
1.06,2.45,0.9712629929397326
1.1,2.03,0.9712624297879603
0.84,1.91,0.9712618735664735
0.98,2.27,0.9712617149174999
1.02,2.45,0.9712616615234871
0.82,1.57,0.9712615927571197
0.84,1.59,0.9712614156696624
1.08,2.49,0.9712613791810686
0.98,1.51,0.9712607991238773
0.92,1.79,0.9712605820933239
0.94,1.81,0.9712604050058666
1.04,2.37,0.9712603500787894
0.9,2.05,0.9712602598078096
0.94,1.45,0.9712599471090554
1.04,1.97,0.9712598921819783
1.12,2.57,0.9712597654224046
1.14,2.63,0.9712597654224046
0.86,2.07,0.9712591054790214
1.16,2.73,0.9712589318460663
0.88,2.05,0.9712585742166494
0.8,1.81,0.9712583786907084
1.02,1.63,0.9712581028689212
1.02,2.35,0.9712580613927608
0.9,1.57,0.9712578873714324
0.82,1.43,0.9712570353566105
1.12,2.11,0.9712566646646502
0.88,2.03,0.9712559313557061
1.0,2.31,0.9712555956192749
0.92,1.75,0.9712552963714374
0.88,2.37,0.9712547036613571
1.08,1.73,0.9712544493441824
0.82,1.99,0.9712543510195069
0.8,1.27,0.9712540917147653
1.08,2.07,0.9712539499712106
0.82,2.21,0.9712538516465351
1.16,1.85,0.9712536876003401
0.84,1.37,0.971253258138427
0.8,1.31,0.9712524061236051
0.86,1.63,0.9712524045905405
0.96,1.87,0.971251997021613
0.92,2.13,0.9712514258161451
1.0,1.63,0.9712513086433318
0.92,1.77,0.9712509679193339
1.04,1.63,0.9712507773809599
0.9,1.41,0.97125068710998
0.92,2.05,0.9712504685463621
0.98,1.61,0.9712504566285097
1.04,2.49,0.971250007583422
0.98,1.91,0.9712499572555382
1.12,2.69,0.9712494229270372
1.12,2.61,0.9712484656572542
1.16,2.61,0.9712483604022931
1.02,1.93,0.9712479893219594
0.84,1.33,0.9712479724165405
1.14,1.99,0.9712477788120374
1.16,2.77,0.9712476320809159
0.98,2.19,0.9712468150216232
1.14,2.73,0.9712467800660939
1.16,2.67,0.971246674811133
0.9,1.59,0.971246587606282
0.88,1.39,0.9712463586578765
0.8,1.93,0.9712463506041807
0.94,2.29,0.971246191955207
1.12,1.79,0.9712458642724714
0.9,1.71,0.9712458592849048
0.82,1.45,0.9712457355914602
1.1,1.79,0.9712456153525179
1.14,2.77,0.9712450944749337
0.9,1.47,0.9712446730667161
1.08,2.05,0.9712443357972204
1.04,2.35,0.9712437645917525
0.84,1.35,0.9712436439644369
1.16,2.19,0.9712435740533785
1.16,2.79,0.9712433036288123
1.02,2.75,0.9712428910723182
0.84,1.87,0.9712426452184935
1.1,2.67,0.9712422026940368
1.08,1.69,0.971242192309249
1.04,1.67,0.9712421204767526
0.92,1.63,0.9712420820667211
0.88,1.41,0.9712420302057728
1.02,2.69,0.9712419338025352
0.86,1.99,0.9712415627222014
0.9,1.73,0.9712415308328012
1.04,2.53,0.9712413506792149
0.9,2.19,0.9712412604082351
0.86,1.65,0.9712411048253902
1.0,2.43,0.9712409246718039
1.12,1.95,0.9712408074989906
0.92,1.51,0.9712401675271551
0.98,2.39,0.9712400726569821
1.04,1.65,0.9712394776158094
1.14,1.83,0.9712388929594247
0.88,1.67,0.971238887971858
1.14,2.19,0.9712383935864529
1.08,1.91,0.971238092805551
1.08,1.71,0.9712378638571454
0.94,1.87,0.9712378054755658
0.98,2.17,0.9712372008476331
0.94,2.27,0.9712365777812169
1.12,1.77,0.9712362500984814
1.02,1.57,0.971236231659998
1.12,2.55,0.971236208622321
0.94,1.55,0.9712356619875943
1.1,2.11,0.971235501805556
1.04,2.41,0.9712351076875455
0.8,1.95,0.9712350508390303
0.8,1.79,0.9712348218906248
0.98,2.35,0.9712347869350956
1.0,1.61,0.9712347231562948
0.94,2.13,0.9712346632416509
1.14,1.87,0.9712345645073212
0.88,1.69,0.9712345595197543
1.06,2.37,0.9712341504177625
0.86,2.09,0.9712338630877774
0.9,2.43,0.9712337897222166
0.96,1.91,0.971233725943416
1.0,2.23,0.9712337244103515
1.1,2.09,0.9712328589446129
0.98,2.65,0.9712326019709634
1.1,2.65,0.9712325885200467
0.8,1.77,0.9712321790296814
1.04,2.51,0.9712317365052249
0.98,1.95,0.971231686177341
0.9,2.17,0.9712316462342451
1.0,2.41,0.971231310497814
1.04,1.71,0.9712308207116024
1.1,2.49,0.9712306739804809
0.96,1.51,0.9712306251856614
0.86,1.41,0.9712303044332115
0.88,1.99,0.9712297316946792
1.14,1.81,0.9712292787854345
1.02,2.27,0.9712292188707906
1.08,1.77,0.9712292069529381
1.1,1.77,0.971229029865481
1.14,2.75,0.9712285089878968
1.16,1.89,0.9712284452090962
0.96,1.85,0.9712284402215294
1.1,2.45,0.9712280311195376
0.96,1.49,0.9712279823247183
0.84,1.49,0.9712272874258057
1.04,1.61,0.9712272205808761
0.9,1.39,0.9712271303098964
0.9,2.01,0.9712270888337358
0.78,1.87,0.971226873336247
0.8,1.59,0.9712266643593894
0.98,1.89,0.9712264004554544
0.96,1.53,0.9712262967335579
0.82,1.27,0.9712262782950744
0.82,1.83,0.971226236818914
1.06,2.11,0.9712259928865271
1.02,1.67,0.9712258891646304
0.9,1.43,0.971225444718736
1.0,1.77,0.9712253379307105
1.12,2.59,0.9712249088571706
0.94,2.55,0.9712247786430948
0.78,2.11,0.9712246883721151
1.06,2.35,0.9712245362437724
1.12,2.15,0.9712244509603593
1.06,1.75,0.9712238493985555
0.78,1.55,0.9712237725784925
1.06,2.07,0.9712233500255838
1.06,1.67,0.9712228921287726
0.92,2.49,0.9712223128696088
0.84,2.05,0.9712219602277586
0.96,2.23,0.9712219268052941
1.12,2.13,0.971221808099416
0.84,2.27,0.971221460854787
0.92,1.83,0.9712213970759863
1.12,1.83,0.9712206218812275
1.0,1.55,0.9712198232604182
0.86,1.33,0.9712197329894385
1.1,1.95,0.9712196446398965
1.12,2.53,0.971219623135284
0.78,1.81,0.9712189447534172
1.08,2.63,0.9712188229814105
1.08,1.67,0.9712186355091652
1.08,2.41,0.9712185940330048
0.96,2.13,0.9712183266745678
0.78,1.21,0.9712180289597948
0.92,2.51,0.9712179844175054
1.1,1.81,0.9712177301003306
0.84,2.29,0.9712171324026834
1.14,2.55,0.9712169802743408
0.98,2.37,0.9712165158568983
1.16,2.05,0.9712164171225685
1.04,2.03,0.971216378712537
1.0,1.95,0.971215952705126
0.82,1.35,0.971215935799707
1.1,2.55,0.9712150457632269
0.78,1.29,0.9712146577774741
1.02,1.81,0.9712138610781027
0.8,2.17,0.9712136375269184
0.84,1.67,0.9712135737481177
1.06,2.59,0.9712134654270276
1.06,1.65,0.9712132779547824
1.14,1.79,0.9712126932983978
1.04,2.07,0.9712120502604336
0.98,1.53,0.9712119999325496
0.9,1.79,0.9712119599894536
1.16,2.23,0.9712113603490876
0.92,1.45,0.9712113250051849
1.0,1.59,0.9712111663562112
0.82,1.63,0.9712111079746317
1.02,2.31,0.9712109477925934
0.96,1.59,0.9712106685163039
1.06,2.79,0.9712093659233297
1.08,2.39,0.9712089798590148
0.92,1.43,0.9712086821442417
1.0,1.57,0.9712085234952679
0.94,2.09,0.971208463580624
0.86,1.35,0.9712084332242882
0.78,1.73,0.9712083733096443
0.82,1.29,0.9712080072168772
0.96,2.35,0.971207255857823
0.78,1.53,0.9712071870914555
0.8,1.25,0.9712069781145979
0.96,2.61,0.9712067564848512
0.78,1.23,0.9712067291946443
0.78,1.77,0.9712066877184838
1.08,2.59,0.9712065659464771
1.1,1.83,0.9712064303351803
0.88,1.97,0.9712061748945954
1.1,1.75,0.9712054730653973
0.84,2.03,0.9712053747407218
1.0,1.99,0.9712046529399756
0.86,1.71,0.9712045626689959
1.02,1.99,0.9712044758525183
0.92,2.09,0.9712043122159777
0.94,1.47,0.971204176604681
0.88,1.95,0.9712035320336522
0.94,1.57,0.9712034482833035
1.06,2.17,0.9712033933562263
1.14,1.77,0.9712030791244076
1.12,1.73,0.9712030791244076
0.88,1.45,0.9712028451884352
1.0,1.65,0.971202509452004
1.0,2.63,0.9712019686028719
0.92,2.25,0.9712018983034402
1.14,2.27,0.9712018514300587
0.84,1.95,0.9712017746099956
1.02,2.49,0.9712015625670091
0.88,2.11,0.9712011181211144
0.84,1.31,0.9712008588163731
0.8,1.55,0.9712004646983624
0.94,1.85,0.9712003060493886
0.9,2.09,0.9712001608513315
1.02,2.03,0.9712001474004147
1.06,2.05,0.9711997932255002
0.96,1.61,0.9711993687511535
1.0,1.93,0.9711993672180892
1.14,2.23,0.9711992085691152
1.14,1.93,0.9711980223509267
0.88,1.75,0.97119801736336
0.78,1.51,0.9711975729174656
0.78,1.91,0.9711973024928994
0.86,1.37,0.9711971334591377
1.14,2.65,0.9711970236049833
1.16,1.79,0.9711969598261828
0.84,2.21,0.9711969467849203
1.16,2.59,0.9711969183500223
1.04,2.31,0.971196650991585
1.08,2.15,0.9711964938756757
1.12,2.73,0.971196295283606
0.96,1.89,0.9711962265172387
0.8,1.57,0.9711961362462588
1.1,1.73,0.9711958588914071
1.08,2.61,0.9711952661813267
0.86,1.95,0.971194449122034
0.98,1.93,0.9711941867511636
1.08,2.11,0.9711938510147325
1.14,2.53,0.9711934234742571
1.14,2.33,0.9711931945258515
1.04,2.01,0.9711928219124534
0.88,2.15,0.9711924612169073
1.1,2.19,0.9711919883361149
1.14,2.59,0.9711917378830969
1.08,2.51,0.9711916660506006
1.06,1.77,0.9711916356942646
1.0,2.71,0.9711916261075045
0.86,2.33,0.9711915358365247
0.84,1.39,0.9711905163210056
0.94,2.31,0.9711904214508325
1.1,2.15,0.9711893454751716
1.16,1.93,0.9711892601917587
0.86,1.91,0.9711891634001475
0.96,2.39,0.9711889847796259
0.9,1.49,0.9711889025623416
0.8,1.99,0.971188894508646
1.02,2.37,0.9711883482622926
1.0,2.27,0.9711875680799671
1.02,1.59,0.9711874324686702
0.84,1.63,0.9711873740870907
1.16,2.57,0.9711873041760323
0.88,1.49,0.9711872169711814
1.16,1.91,0.9711866173308152
1.08,2.45,0.9711863803287141
1.1,1.71,0.9711862447174172
1.12,1.85,0.9711857653159934
0.78,2.13,0.9711855033547773
0.88,1.37,0.9711853024316154
1.02,2.47,0.9711849770799721
0.82,1.59,0.9711849083136048
0.82,2.23,0.971184138516067
0.92,1.81,0.9711838976498091
0.8,1.23,0.9711834213145142
0.96,1.97,0.971183241160928
1.02,1.61,0.9711831040165665
0.84,1.65,0.9711830456349871
0.88,2.13,0.9711828470429174
1.06,1.63,0.971182749841652
1.14,2.21,0.9711826230820785
1.04,2.13,0.9711824794170859
0.78,1.31,0.9711824440731833
1.14,2.79,0.9711823526575123
1.06,2.09,0.9711815221473028
0.98,2.01,0.971181201394853
1.12,2.23,0.9711809374909182
1.02,1.97,0.9711809190524345
1.08,2.21,0.9711808656584219
0.82,1.61,0.9711805798615011
0.94,1.93,0.9711803493800311
1.0,2.73,0.9711803263423541
1.02,2.77,0.9711801492548968
0.96,2.05,0.9711798699786073
1.1,2.69,0.9711794608766154
0.94,2.35,0.9711791216856821
1.14,1.89,0.9711787940029466
1.16,2.63,0.9711786472718251
0.94,2.57,0.9711786223127103
1.12,2.19,0.9711782946299748
0.88,2.39,0.9711780192178421
0.9,1.51,0.9711776027971912
0.98,2.57,0.9711775597879663
1.08,2.09,0.9711772655276957
1.02,1.69,0.9711770899733027
1.16,2.69,0.9711769616806648
0.82,1.37,0.9711767507823694
0.92,2.29,0.971176655912196
1.1,2.25,0.9711763601188611
0.84,2.09,0.9711758038973742
0.8,1.33,0.9711757216800901
1.1,2.73,0.9711751324245119
1.16,2.31,0.9711748181926932
1.04,2.05,0.971174550834256
1.14,1.91,0.9711744655508431
0.9,1.77,0.9711744605632763
0.86,1.69,0.9711740345558653
1.08,1.79,0.9711734364485638
0.98,2.45,0.9711730023874572
1.1,2.13,0.9711727599881348
1.12,2.71,0.9711727384835224
1.12,2.29,0.971172280586711
0.84,1.41,0.9711722452428084
1.16,2.27,0.97117217533175
0.9,1.75,0.9711718177023331
1.04,2.55,0.9711716375487467
0.86,1.67,0.9711713916949222
1.0,2.45,0.9711712115413359
0.82,2.01,0.9711706952629452
0.98,2.41,0.9711703595265139
1.0,1.67,0.9711702957477133
0.98,2.67,0.9711698601535422
0.94,2.47,0.9711697364600976
0.98,1.65,0.9711694437328914
1.08,1.81,0.9711691079964603
1.16,1.81,0.9711690745739955
1.12,1.75,0.9711682225591737
1.0,2.05,0.9711681107835813
0.8,2.19,0.9711674811965337
1.04,2.59,0.9711673090966433
1.06,2.65,0.9711673090966433
1.0,1.97,0.9711671535137983
0.98,1.63,0.9711668008719481
1.16,2.37,0.9711661612884862
1.02,1.71,0.9711657902081524
1.12,2.49,0.9711655382220697
0.96,2.37,0.9711654279795421
0.8,1.97,0.9711653377085622
0.78,1.95,0.9711650887886086
0.88,1.71,0.9711648463892862
1.16,1.83,0.9711647461218919
1.06,2.61,0.9711646662357
0.9,2.21,0.9711645759647202
0.82,1.75,0.97116422332287
0.86,2.11,0.9711641499573092
0.9,2.45,0.9711640765917485
0.92,1.89,0.9711639409804516
0.88,1.47,0.9711636601710976
1.02,2.09,0.9711636052440205
0.92,1.53,0.9711634830836403
1.08,2.65,0.9711630524770359
0.94,2.01,0.9711630355716169
1.02,2.01,0.9711626479742375
1.12,2.17,0.971161709142938
0.92,1.39,0.9711615685440743
0.96,2.41,0.9711610995274386
0.96,2.63,0.9711606001544668
0.88,1.73,0.9711605179371826
1.0,2.49,0.9711599117761854
0.92,1.55,0.9711591546315367
1.08,2.13,0.9711589944494984
1.08,2.69,0.9711587240249324
1.04,2.73,0.9711579238710587
1.14,2.25,0.9711573806908343
0.82,2.15,0.9711569815852571
1.06,2.13,0.9711562797560589
1.16,2.25,0.9711555898447131
0.98,1.97,0.971155001733826
0.94,1.59,0.9711546490919759
0.9,1.85,0.9711545038939189
1.1,2.17,0.9711544889099376
0.94,1.89,0.9711541497190042
1.12,1.87,0.9711535516117026
0.9,2.25,0.9711532761995699
0.88,2.19,0.9711532761995699
0.92,2.27,0.9711530991121125
0.8,1.21,0.9711528932013836
0.82,2.05,0.9711524241847479
0.86,2.35,0.9711523508191872
0.84,2.07,0.9711522470972905
0.8,1.71,0.9711518944554404
0.8,1.35,0.971150479288846
0.94,1.43,0.9711500916914666
0.96,1.93,0.9711500701868543
1.06,1.79,0.9711498078159838
1.04,1.75,0.9711498078159838
0.96,2.03,0.9711493418654769
0.78,2.05,0.9711487322499773
0.94,2.33,0.9711485935725516
0.78,1.93,0.9711485033015718
0.84,1.27,0.9711467739031588
0.86,1.43,0.9711466486766498
0.94,1.99,0.97114645008458
0.86,2.15,0.9711458788791121
1.06,1.61,0.9711452504154746
0.98,1.49,0.9711439723932417
0.88,2.31,0.9711438909739853
1.1,1.85,0.9711436885177589
1.12,2.21,0.9711434380647407
1.12,2.79,0.9711431676401748
0.98,2.43,0.9711424742743268
1.04,2.09,0.9711423371299653
0.84,1.73,0.9711421750264893
0.92,2.31,0.9711417993469621
1.02,2.55,0.971141463610531
0.8,1.65,0.9711413230116673
1.12,2.39,0.9711410241522032
1.02,2.79,0.9711409642375592
0.88,1.81,0.9711405612678252
1.12,2.75,0.9711405247792314
1.1,2.75,0.9711402758592779
1.04,1.73,0.9711401936419938
0.86,1.77,0.9711401352604142
0.8,2.01,0.9711400953173183
0.82,1.69,0.9711397092530033
1.04,2.61,0.9711394238444561
0.78,1.65,0.9711393885005535
1.14,2.29,0.9711391096126373
1.02,2.51,0.9711388207495877
0.78,1.61,0.9711384312307705
0.88,1.33,0.9711381888314481
0.9,1.99,0.9711381473552877
1.1,2.35,0.9711381323713063
0.92,1.85,0.9711377413194245
0.98,2.69,0.9711376464492515
1.1,2.71,0.9711376329983347
1.14,2.35,0.9711374240214771
0.82,1.81,0.9711372953404657
1.04,2.57,0.9711367809835126
1.0,2.47,0.9711363549761017
0.8,1.61,0.9711360372897809
0.86,1.45,0.9711353489114994
1.14,1.73,0.9711350515850997
0.84,2.11,0.9711339760190935
1.08,2.17,0.9711337520582545
0.78,1.57,0.971133145508884
1.0,2.51,0.9711320265239983
0.8,1.63,0.9711317088376772
1.0,2.21,0.9711308403058095
1.08,2.71,0.9711308387727451
1.02,2.05,0.9711304342699466
1.16,2.29,0.9711303474534692
1.06,2.27,0.9711303090434376
1.06,2.63,0.9711298096704658
0.88,2.17,0.9711297193994861
1.1,2.21,0.9711292465186935
0.78,1.19,0.9711290874813464
0.82,2.03,0.9711288673846642
0.78,1.59,0.9711288170567803
1.08,2.31,0.9711286952847735
0.9,1.81,0.971128304232892
1.08,2.67,0.971128195911802
0.78,1.67,0.9711280887354029
1.0,2.01,0.9711279684964608
1.06,2.19,0.9711267089127115
1.16,1.95,0.9711265183743373
0.92,1.97,0.9711257132328969
1.1,1.67,0.9711251884911561
1.1,2.43,0.9711251470149956
0.88,2.41,0.9711248915744108
1.14,2.41,0.9711244386651664
0.9,1.37,0.9711242462053544
0.92,1.95,0.9711230703719537
0.84,1.69,0.9711229466785091
0.9,2.23,0.9711227480864393
0.86,2.13,0.9711223220790283
1.0,1.69,0.9711214965563856
1.06,2.25,0.9711206948694476
0.82,1.65,0.9711204809050232
0.92,2.53,0.97112038603485
1.02,1.55,0.9711194049293623
0.94,2.61,0.9711185233562324
0.88,2.21,0.9711184196343359
1.12,2.25,0.971118195673497
0.96,1.47,0.9711181269071295
0.9,2.47,0.971117920261364
0.82,2.25,0.9711170682465422
0.86,1.31,0.9711168488848966
0.82,1.25,0.9711164228774857
0.82,1.67,0.9711161524529196
0.92,2.41,0.9711158286343408
0.96,2.11,0.9711154425700258
0.88,1.77,0.9711143616067983
0.86,1.73,0.9711139355993873
1.1,2.27,0.9711136183014397
0.98,2.15,0.9711134028039509
1.12,2.77,0.9711126395270441
0.84,2.31,0.9711125627069812
0.78,1.71,0.9711124605181491
1.16,2.33,0.971112076375272
1.12,1.89,0.9711117237334217
1.06,2.67,0.9711115385922687
0.98,2.03,0.971111488264385
1.08,2.23,0.9711111525279538
1.02,2.53,0.9711109354974005
1.16,2.39,0.9711103907841117
0.92,2.55,0.9711090862696996
1.02,2.67,0.9711085215848628
1.1,2.33,0.9711076042581759
0.9,1.91,0.9711066619723742
1.04,2.15,0.971105794973571
0.82,2.27,0.9711057684813916
0.98,2.09,0.971105474221121
1.08,2.29,0.9711051384846899
0.96,2.51,0.9711046007016867
0.8,2.09,0.9711045104307069
1.0,2.75,0.9711036418988392
1.12,2.37,0.9711035247260259
1.04,1.59,0.9711034225371938
0.98,2.47,0.971103289256989
1.12,2.31,0.971102567456243
0.94,2.37,0.9711024372421672
1.04,2.23,0.9711024237912503
0.9,1.93,0.9711023335202706
1.08,1.65,0.9711018087785298
0.84,2.33,0.971101262941831
0.98,2.11,0.9711011457690174
1.06,2.33,0.9711007382000901
0.96,2.67,0.9711005011979887
0.94,2.03,0.9711002937541956
1.04,2.21,0.9710997809303071
1.0,2.77,0.9710993134467357
0.92,1.41,0.9710988267266529
1.06,2.77,0.9710968676447976
0.96,2.07,0.9710962142220456
1.0,1.53,0.971096025216736
0.94,2.59,0.9710949665561487
0.96,1.45,0.9710945701070459
0.84,1.79,0.9710943331049445
1.02,2.11,0.9710938921135522
0.94,2.07,0.9710916368499886
0.84,1.29,0.9710910033987843
0.9,2.35,0.9710898060607711
1.1,2.41,0.9710876475888184
1.16,1.77,0.971087104408594
1.06,2.15,0.9710865666255909
0.86,1.89,0.9710862792956055
1.12,1.71,0.9710862523937722
1.14,1.75,0.9710862523937722
0.88,1.87,0.9710857480332337
1.02,2.57,0.9710856931061564
0.96,1.99,0.9710856427782727
1.0,2.13,0.9710854122968025
0.86,1.83,0.9710853220258228
1.08,2.37,0.9710851818153324
1.1,2.77,0.9710845053549034
1.0,2.07,0.9710844550270196
0.96,2.65,0.971083915710952
1.02,2.19,0.9710835496181849
1.14,2.31,0.9710833391082628
1.14,2.43,0.9710826107868854
1.0,2.61,0.9710824990112932
0.8,1.73,0.9710821813249723
1.06,2.29,0.9710815098521101
0.88,1.89,0.9710814195811301
0.78,2.15,0.9710809336590752
1.02,2.17,0.9710809067572416
0.88,1.93,0.9710797339899698
0.94,1.97,0.9710784225452721
0.86,2.39,0.9710783092366154
1.14,2.45,0.971078282334782
0.92,1.99,0.9710769140415692
0.8,2.21,0.9710768541269252
0.78,2.17,0.9710766052069717
0.9,2.27,0.9710765917560549
1.1,1.69,0.9710763892998284
0.84,1.81,0.9710760620267473
0.94,1.95,0.971075779684329
0.88,1.35,0.9710754470140267
0.98,2.07,0.9710749461079905
1.0,2.15,0.9710741125316522
0.86,1.85,0.9710740222606723
0.82,1.77,0.9710735962532614
0.96,1.95,0.9710733857433392
1.04,1.57,0.9710728944240632
1.04,2.11,0.9710726239994972
0.98,1.99,0.9710713459772643
1.08,2.19,0.9710710102408332
0.98,2.73,0.9710705761797266
0.94,1.91,0.9710704939624423
0.96,2.43,0.97107047245783
0.8,1.69,0.9710699242900388
0.86,2.17,0.971069194435597
0.82,2.07,0.9710687684281861
0.82,1.73,0.971068310531375
0.92,2.03,0.9710682571373622
1.04,2.25,0.9710675672260164
0.78,1.97,0.9710674904059533
0.84,1.85,0.9710674051225402
1.1,2.23,0.9710665047012723
1.08,2.33,0.9710659534673521
1.04,2.29,0.9710658816348561
0.8,2.23,0.9710655543617749
1.0,1.51,0.9710654971036053
0.78,1.69,0.9710653469179817
1.0,2.03,0.9710652266790394
1.16,2.49,0.9710651917235102
1.08,1.63,0.9710643093523524
0.8,1.75,0.971063910246775
1.14,2.51,0.971062654117528
1.16,2.47,0.9710625488625669
1.12,2.27,0.9710624251691223
1.0,2.11,0.9710618554967189
0.86,2.37,0.9710617237495786
1.1,2.37,0.9710614479277915
1.02,2.07,0.9710607211394785
1.12,2.41,0.9710573683956415
1.02,2.15,0.9710573499571579
1.16,2.55,0.9710565348193031
1.16,2.35,0.9710563058708974
1.12,1.69,0.9710557242806416
0.92,1.87,0.9710540855628628
0.98,2.71,0.9710539906926897
0.9,1.95,0.9710535343289429
0.92,2.33,0.9710511722773535
0.9,2.51,0.9710508499918392
1.14,2.47,0.9710503970825947
1.16,1.75,0.9710496049824168
1.14,2.39,0.9710494398128118
1.04,2.63,0.9710487967748475
0.88,2.43,0.9710482071308958
1.02,2.25,0.9710470074617904
0.84,1.71,0.9710462622349941
0.92,1.91,0.9710454286586557
0.98,2.13,0.971045375264643
0.9,1.83,0.9710446484763301
0.88,2.45,0.9710438786787924
1.0,2.79,0.9710435429423612
1.12,2.47,0.9710417401783875
1.02,2.21,0.9710417217399039
1.0,2.53,0.9710413994543896
0.92,1.93,0.9710411002065521
1.08,2.73,0.9710402117031366
0.92,2.57,0.9710393731392314
1.02,2.23,0.9710373932878005
1.16,2.51,0.9710373064713229
0.86,1.75,0.9710372511558724
0.9,2.49,0.9710342645048023
0.86,2.25,0.9710336095489858
0.96,2.09,0.9710334724046245
1.0,2.17,0.9710322846533712
0.88,1.79,0.9710307058502364
0.82,2.29,0.9710290840378768
0.8,2.03,0.9710285543085693
0.9,1.97,0.9710282919376989
0.94,2.63,0.9710278962866238
1.06,2.69,0.9710278828357071
0.98,2.49,0.9710266048134741
0.84,2.19,0.9710260351410706
0.88,1.91,0.9710256490767556
1.12,2.45,0.9710251546913505
1.16,2.45,0.9710250494363896
0.84,2.13,0.9710224350103444
1.16,2.43,0.9710224065754464
1.0,2.19,0.971020984888221
0.94,2.39,0.9710187814856054
1.06,2.23,0.9710178107649057
0.9,1.89,0.971017720493926
1.12,2.43,0.9710155405173606
0.9,1.87,0.9710150776329826
0.88,2.23,0.9710138499386337
1.1,2.39,0.9710126487364636
1.14,2.37,0.9710119403866343
1.06,2.31,0.9710117967216418
0.86,1.87,0.971011280443251
0.98,2.77,0.9710104772232485
0.94,2.05,0.971009666684587
1.1,2.31,0.9710047201536339
0.84,2.35,0.9710036645591756
1.08,2.35,0.971003211649931
1.08,2.27,0.971002254380148
1.02,2.59,0.9710020373495946
0.88,1.83,0.971001135006889
1.1,2.79,0.9710008495983417
1.12,2.35,0.971000640621484
0.84,1.83,0.9709993775832323
1.04,2.19,0.9709968968257652
0.88,1.85,0.9709968065547855
0.96,2.01,0.9709950157086641
0.98,2.05,0.9709929759425892
0.84,1.77,0.9709914490004025
1.12,2.33,0.970991026447494
0.86,1.81,0.9709894092343276
0.96,2.69,0.9709889601892399
0.84,1.75,0.9709888061394594
0.94,1.41,0.970988794221607
0.8,1.67,0.9709879541246375
1.06,2.21,0.9709872826517753
0.86,1.79,0.9709867663733843
0.92,2.01,0.9709862869719607
0.78,1.63,0.9709850623437406
1.16,2.41,0.9709849071492691
1.04,2.27,0.9709839114694546
0.86,2.43,0.9709833537149034
0.82,1.79,0.9709829691836528
0.98,1.47,0.970982674923382
1.14,2.49,0.9709806839521266
0.9,2.29,0.9709789933733995
1.08,2.25,0.9709786975800644
0.8,2.27,0.9709775701531096
1.06,1.59,0.9709769816325683
0.94,2.67,0.9709747686431925
0.78,1.17,0.9709747613245336
0.78,2.21,0.9709746783722126
1.1,2.29,0.9709741920405035
1.04,2.17,0.9709733400256816
0.98,2.75,0.9709729777970711
0.82,1.71,0.9709723977398799
0.92,2.61,0.9709723028697065
0.94,2.45,0.9709709395640607
0.96,2.73,0.9709706891110427
0.98,2.79,0.9709686493449675
1.0,2.09,0.9709659427052237
1.08,2.75,0.9709635272596217
0.9,1.35,0.9709629487354947
0.9,2.55,0.9709628657831738
0.82,1.23,0.9709620967206728
1.02,2.13,0.9709614371656629
1.14,1.71,0.9709598114891466
0.86,2.41,0.9709597969148196
0.94,2.65,0.9709581831561557
0.78,2.19,0.9709580928851759
0.86,1.29,0.9709555514150369
1.16,2.53,0.9709536507147613
0.96,2.45,0.9709519601360341
1.04,2.65,0.970951198392192
1.02,1.53,0.9709511361464559
0.86,2.19,0.9709506821138012
0.84,2.39,0.9709505369157442
0.82,2.09,0.9709502561063904
1.1,1.65,0.9709499483952029
0.78,1.99,0.9709489780841575
0.88,2.49,0.9709489231570804
0.82,2.33,0.9709480711422583
0.8,2.25,0.970947042039979
1.04,2.71,0.9709451843489282
0.92,2.59,0.9709417747565761
0.96,2.71,0.9709401609979121
0.9,2.53,0.9709393089830902
1.0,2.55,0.9709368297586874
0.92,2.35,0.9709326599555577
0.88,2.47,0.9709323376700434
0.82,2.31,0.9709314856552215
1.06,2.71,0.9709302844530517
0.86,2.47,0.9709302260714722
0.86,2.45,0.970920611897482
0.98,2.55,0.9709203495266117
0.84,2.37,0.9709200088026138
0.96,2.47,0.9709197464317434
0.96,1.43,0.9709193300110925
0.78,2.39,0.9709174512250835
0.88,2.51,0.9709140665918462
0.78,2.03,0.9709124359277631
0.8,1.19,0.970912268427066
0.94,2.69,0.9709120268257712
1.06,2.73,0.9709120133748544
0.78,2.23,0.9709119365547915
0.98,2.53,0.9709107353526215
0.92,2.39,0.9709100604252571
0.78,2.01,0.9709097930668197
0.92,2.63,0.9709095610522852
0.98,2.51,0.9709080924916783
0.96,2.75,0.9709079472936213
0.92,2.37,0.9709074175643138
0.9,2.57,0.9709070952787995
0.92,1.37,0.9709070011436629
1.0,2.57,0.9709046160543967
0.86,2.21,0.9709045257834168
0.94,2.73,0.970903369921564
0.94,2.43,0.9709029120247528
0.88,2.53,0.9709027668266957
0.8,2.29,0.9709008857095945
0.82,2.13,0.9708997713239024
0.96,2.79,0.9708992903894141
0.84,1.25,0.9708991778157943
0.9,2.61,0.9708984383745922
1.04,1.55,0.9708976543281099
0.82,2.11,0.9708971284629592
0.8,2.05,0.9708960993606799
0.9,2.59,0.9708957955136489
0.88,2.25,0.9708953376168378
0.92,2.67,0.9708939328350313
0.8,2.07,0.9708917709085764
1.0,1.49,0.9708902570076522
0.84,2.15,0.9708899800624549
1.08,1.61,0.9708890692563991
1.02,2.65,0.9708888107496855
0.88,2.29,0.9708866807126305
0.94,2.41,0.970886326537716
1.02,2.63,0.9708861678887422
0.82,2.35,0.9708853293248371
0.96,2.49,0.9708848898665092
0.88,2.27,0.9708840378516874
0.88,1.31,0.9708836214310366
0.9,2.75,0.970882081835961
0.94,2.71,0.9708798131214804
0.94,1.39,0.9708789388040183
0.84,2.17,0.9708786802973045
0.92,2.65,0.9708773473479946
1.04,2.69,0.9708771568096203
0.9,2.33,0.9708770665386406
1.02,2.61,0.970876553714752
0.96,2.77,0.9708757335893305
0.78,2.27,0.970875394398397
1.12,1.67,0.9708735128716416
0.98,1.45,0.9708728195057934
1.06,2.75,0.9708701854965737
1.0,2.59,0.9708697594891627
0.8,2.31,0.9708686720053038
1.08,2.79,0.9708685717379094
1.16,1.73,0.9708673935734167
0.78,2.25,0.9708657802244071
0.8,2.33,0.9708643435532003
0.94,1.31,0.9708640389081417
0.84,2.57,0.9708627816554846
0.86,2.23,0.9708626979051361
0.88,2.69,0.9708611678968206
0.86,2.63,0.9708607418894096
1.06,1.57,0.9708601549019327
0.9,1.33,0.9708600646309528
0.84,2.41,0.9708599098461357
0.86,1.27,0.970859638623542
0.82,2.37,0.9708531156205463
0.9,2.77,0.9708498681316703
0.84,2.43,0.9708486100809853
0.8,2.45,0.9708479870145691
0.9,2.31,0.9708465384255102
0.82,2.51,0.9708463732559052
1.08,2.77,0.9708450149378258
0.98,1.37,0.9708439769838232
0.84,1.17,0.9708398071806933
1.04,2.67,0.9708396573834431
1.04,1.45,0.9708382836930092
0.78,1.09,0.9708360633849745
1.14,1.59,0.9708350561756812
0.82,2.39,0.9708348445423489
1.02,1.51,0.9708343094158204
1.1,1.63,0.9708331216645673
0.84,2.45,0.9708303390027883
0.96,1.31,0.9708294312628613
1.14,1.69,0.9708290421324174
0.96,1.35,0.9708251028107577
0.8,2.47,0.970822744623325
0.8,1.09,0.9708223696788347
0.86,2.65,0.970821556872072
0.86,2.69,0.9708198712809116
0.94,2.75,0.9708197141650023
0.94,1.29,0.9708195681689177
0.86,2.49,0.9708186850627231
1.06,1.49,0.9708173697538688
0.84,2.59,0.9708166253251002
1.08,1.51,0.9708157559952048
0.94,1.33,0.970815239716814
0.88,2.71,0.9708150115664361
0.84,2.63,0.9708149397339398
1.06,1.45,0.9708147268929256
0.86,2.51,0.9708143566106195
0.82,2.53,0.9708141595516143
0.92,1.29,0.9708127739433281
0.78,1.07,0.9708125065848909
0.84,2.61,0.9708122968729965
0.88,2.55,0.9708121397570872
0.8,2.49,0.9708114448581747
0.88,1.23,0.9708103081698423
0.92,2.69,0.9708102770784697
0.78,2.43,0.9708085530772778
0.9,2.63,0.9708078113049837
0.9,1.23,0.970807665308899
0.98,1.35,0.9708064775576458
0.8,1.13,0.9708040986006375
0.88,2.73,0.9708037118012859
0.86,2.67,0.9708032857938749
0.82,1.15,0.9708024848419735
0.84,1.15,0.9708023077545161
0.98,1.39,0.9708021491055424
0.96,1.33,0.9708015460106741
0.8,2.51,0.9708001450930244
1.08,1.47,0.9707991705081679
0.78,2.41,0.9707989389032877
0.82,2.57,0.9707985313343603
1.02,1.43,0.9707984955808033
0.9,1.27,0.9707963655437486
0.8,1.05,0.9707961700178077
0.86,1.21,0.9707959395363376
0.82,2.55,0.970795888473417
1.02,1.39,0.97079585271986
0.88,2.57,0.9707938686788902
1.04,1.43,0.9707938129537852
1.0,1.37,0.9707933869463742
1.12,1.57,0.9707932282974004
0.78,2.45,0.9707902819990806
1.04,1.47,0.9707894845016817
0.92,1.27,0.9707892171432443
1.0,1.41,0.9707890584942707
0.8,1.11,0.9707875131136007
0.82,1.21,0.9707868566247195
1.06,1.47,0.9707868416407384
1.14,1.61,0.9707862569843536
0.82,1.13,0.9707858993549365
0.84,1.19,0.970784036676319
0.92,1.21,0.9707839314213579
1.14,1.57,0.9707836141234103
1.12,1.53,0.9707836141234103
1.1,1.55,0.9707833652034566
1.1,1.51,0.9707807223425133
0.98,1.29,0.9707802778966189
0.88,1.21,0.9707797800567118
1.08,1.49,0.9707782565690275
1.06,1.51,0.970775541875588
1.08,1.53,0.970773928116924
0.78,1.11,0.9707733215675534
1.16,1.63,0.9707731663730819
0.86,1.19,0.9707723827362539
0.96,1.29,0.9707710178975435
0.92,1.31,0.9707709460650472
0.78,2.29,0.9707708247026949
1.16,1.59,0.9707705235121386
0.96,1.37,0.9707693323063832
0.94,1.27,0.9707681261166466
1.02,1.41,0.9707679674676729
0.86,1.13,0.9707670970143675
0.9,1.25,0.9707658374306182
0.8,2.37,0.9707624167184413
0.96,1.27,0.9707614037235534
0.8,2.35,0.9707597738574981
0.94,2.79,0.9707596152085243
0.78,2.31,0.9707595249375446
0.94,1.35,0.9707594692124394
1.0,1.39,0.97075853038114
1.06,1.37,0.9707579991187681
0.8,1.17,0.9707579422702529
1.12,1.47,0.9707574144623834
1.06,1.55,0.9707572707973907
0.98,1.27,0.9707567210965352
1.02,1.45,0.9707566677025224
1.06,1.43,0.9707563135276077
1.12,1.55,0.9707557288712231
0.98,1.33,0.970755035505375
0.88,1.25,0.9707545376654677
0.78,1.05,0.9707540932195732
1.04,1.37,0.9707536706666646
0.92,1.19,0.9707534033082273
1.14,1.53,0.9707530860102797
1.1,1.53,0.9707528370903261
0.94,1.25,0.9707515406296098
0.78,1.03,0.97075145035863
1.12,1.59,0.9707514004191194
0.88,2.77,0.9707505841578546
0.86,2.71,0.9707501581504436
0.84,2.49,0.9707493261071697
0.9,1.21,0.9707492519435812
0.78,1.01,0.9707488074976868
0.88,2.75,0.9707479412969113
1.14,1.47,0.9707478002883932
1.08,1.45,0.9707477284558971
0.82,2.43,0.9707468603336838
0.82,1.17,0.970746714337599
0.84,2.47,0.9707466832462264
1.02,1.49,0.9707453679373721
0.9,2.79,0.970745298435968
1.02,1.37,0.9707444106675892
0.82,2.41,0.9707442174727404
0.96,1.41,0.9707440899151392
0.84,1.13,0.9707438943891984
1.0,1.29,0.9707436304852636
0.86,1.11,0.9707435402142837
0.92,2.73,0.9707432068089448
0.94,2.77,0.9707430297214875
0.8,1.15,0.9707413567832162
0.84,1.11,0.9707412515282551
1.04,1.49,0.9707406853103538
0.9,1.29,0.970740595039374
0.86,2.55,0.9707403150280478
0.9,1.19,0.970739637769591
0.98,1.41,0.970739407288121
1.16,1.65,0.9707383098078477
0.9,2.65,0.9707380981745155
0.84,1.23,0.9707378803459346
0.96,1.25,0.9707378469234698
0.92,1.25,0.9707377750909735
0.86,2.53,0.9707376721671045
1.14,1.63,0.9707374577930259
0.92,2.79,0.9707371927656809
1.14,1.51,0.9707365005232429
1.16,1.61,0.9707356669469046
1.04,1.41,0.9707353995884672
1.0,1.35,0.9707349735810564
0.94,1.23,0.9707349551425729
1.1,1.57,0.9707345660121289
0.82,1.11,0.9707344573026656
0.9,2.67,0.9707337697224121
1.1,1.45,0.9707336087423459
0.92,2.71,0.9707335926349546
1.0,1.43,0.9707332879898961
0.86,1.23,0.9707331977189163
1.14,1.67,0.9707331293409222
1.06,1.41,0.9707327567275241
0.92,1.35,0.9707317610477096
1.08,1.43,0.9707311429688601
0.88,2.59,0.9707311268614688
1.1,1.61,0.9707302375600254
0.88,1.19,0.9707283380044407
1.02,1.35,0.9707278251805523
0.9,2.73,0.9707277556791482
0.78,1.15,0.970727165237169
1.06,1.53,0.9707267426842603
1.14,1.55,0.9707252007580925
1.08,1.55,0.9707251289255963
0.82,1.09,0.9707248431286756
0.84,1.09,0.9707246660412183
1.04,1.35,0.9707231425535342
0.9,1.17,0.9707230522825543
1.1,1.49,0.9707223089771957
0.8,2.43,0.9707215461099435
0.86,1.17,0.9707209406839828
0.96,1.39,0.9707205331150556
0.88,2.61,0.9707198270963184
0.78,2.37,0.9707186543290466
1.12,1.51,0.9707182294450457
0.98,1.31,0.9707175360791975
1.06,1.39,0.9707161712404874
1.04,1.53,0.9707154429191099
0.84,2.55,0.9707154268117185
0.88,1.29,0.97071535264813
0.82,1.07,0.9707152289546855
0.92,1.33,0.9707151755606728
1.0,1.47,0.9707150169116989
0.84,1.21,0.9707143235458507
0.86,2.61,0.9707133870456436
0.82,2.49,0.9707129610382327
1.12,1.45,0.9707129437231593
0.88,1.17,0.9707117525174039
1.0,1.33,0.9707114167809728
0.94,1.21,0.9707113983424892
0.78,1.13,0.970710579750132
0.84,2.65,0.9707103700382377
1.1,1.43,0.9707100519422623
1.16,1.53,0.9707094672858775
1.08,1.59,0.9707068578473991
0.88,2.67,0.9707068417400078
1.14,1.49,0.9707059724101125
0.8,1.07,0.9707055429481991
1.16,1.57,0.970705138833774
1.02,1.33,0.9707042683804685
0.94,1.37,0.970703698708065
1.12,1.61,0.9707026012277918
0.8,2.53,0.970702546710369
1.02,1.47,0.970700897198148
1.08,1.41,0.9707006148557294
0.92,1.23,0.9707002756647961
1.1,1.59,0.9706997094468949
0.88,1.27,0.9706987671610933
1.04,1.39,0.9706979001622901
0.98,1.43,0.9706975794098401
1.14,1.65,0.970695629914745
0.88,1.15,0.9706951670303671
1.0,1.31,0.9706948312939359
1.12,1.49,0.970694672644962
0.82,2.59,0.9706939616386582
0.8,1.03,0.9706932859132658
1.16,1.51,0.9706928817988407
0.78,2.47,0.9706926836164252
1.04,1.51,0.9706918861190262
1.0,1.45,0.9706914601116153
1.12,1.65,0.9706913014626414
0.82,1.19,0.9706909438332246
1.16,1.67,0.97068951061652
1.16,1.71,0.9706851821644165
0.9,1.31,0.9706848245349996
1.1,1.47,0.9706848095510182
0.86,1.25,0.9706843985275887
0.86,1.15,0.9706834412578057
1.08,1.57,0.9706833010473154
1.02,1.31,0.9706807115803849
0.8,2.39,0.9706787609618797
0.88,1.13,0.97067858154333
1.08,1.39,0.9706770580556459
0.78,2.33,0.9706758691809827
0.92,2.77,0.970669165226373
1.16,1.55,0.9706676394075967
0.82,2.45,0.970663204577122
1.16,1.49,0.9706623536857101
1.12,1.63,0.9706607733495108
0.8,2.41,0.9706604898836825
0.84,2.51,0.9706586990375611
0.78,2.35,0.9706575981027855
1.16,1.69,0.970654654051286
0.88,2.79,0.9706529857751992
0.9,2.71,0.9706527568267935
0.92,2.75,0.970652579739336
0.78,2.53,0.9706518130079274
0.96,1.23,0.9706489054450215
0.84,2.53,0.9706473992724107
0.78,0.89,0.9706466517145221
0.82,2.47,0.9706449334989248
0.86,2.77,0.9706439028635812
0.9,2.69,0.9706431426528036
0.86,2.59,0.9706383881932888
0.94,1.19,0.9706363994901346
0.86,2.57,0.9706357453323458
1.06,1.21,0.970634929396463
0.84,2.67,0.9706336855947226
0.82,1.05,0.9706332587892841
0.86,2.79,0.9706326030984308
0.88,2.65,0.970631842887653
0.86,2.73,0.9706316458286478
0.92,1.05,0.9706303335859224
0.88,2.63,0.9706292000267099
0.84,2.73,0.9706276715514588
0.8,1.01,0.970625258373958
0.84,2.71,0.9706250286905157
0.8,2.57,0.9706215338147505
0.82,2.63,0.9706199200560864
0.8,2.55,0.9706188909538072
1.1,1.41,0.9706141391507672
0.82,2.61,0.9706103058820964
0.78,2.49,0.9706090278598635
0.78,0.99,0.9706084239669676
1.04,1.19,0.9706070441442759
0.9,1.03,0.970606953873296
0.98,1.13,0.9706057661220431
0.78,2.51,0.97060469940776
0.96,1.11,0.9706008345750711
0.94,1.11,0.9706005856551175
1.02,1.29,0.9705987414149835
0.94,1.09,0.9705979427941743
1.1,1.39,0.9705975536637305
0.82,2.67,0.9705973205257857
1.14,1.31,0.970596845313901
1.06,1.35,0.9705967016489084
0.8,2.59,0.9705962914235066
0.86,1.09,0.9705961853705176
0.98,1.25,0.9705954236266755
0.82,2.65,0.9705946776648425
0.92,1.17,0.9705921058383677
0.96,1.09,0.9705912204010811
0.98,1.11,0.970589180635006
1.06,1.25,0.9705887730660786
1.02,1.17,0.9705881699712103
1.08,1.37,0.9705881165771976
0.84,0.97,0.9705876536928196
1.06,1.23,0.9705861302051354
0.88,1.01,0.9705860399341556
1.0,1.15,0.9705857041977245
0.84,1.07,0.9705842825104991
1.0,1.27,0.9705823330154039
0.94,1.07,0.9705813573071373
0.8,0.93,0.9705798303649509
1.14,1.45,0.9705795315054867
0.86,0.99,0.9705786426136979
0.92,1.09,0.9705772059424911
0.92,1.07,0.970574563081548
1.16,1.47,0.9705734122072619
1.1,1.27,0.9705730395938638
0.82,0.95,0.9705712452932401
0.84,0.95,0.9705710682057828
1.08,1.25,0.9705705738203778
0.8,0.91,0.970570216190961
1.16,1.33,0.9705698120765357
0.86,0.97,0.9705690284397077
0.86,2.75,0.9705689040112265
0.82,0.93,0.9705686024322967
0.8,0.95,0.9705685305998005
1.04,1.23,0.9705678591269383
0.82,0.97,0.9705669168411365
1.14,1.29,0.9705663172007705
1.04,1.21,0.970565216265995
1.14,1.35,0.9705646316096103
0.84,2.69,0.9705639724642546
0.78,0.91,0.9705629959579604
1.0,1.13,0.9705621473976408
1.12,1.29,0.970561988748667
1.04,1.33,0.9705618450836745
0.9,1.15,0.9705617548126946
0.98,1.17,0.9705596097916586
0.98,1.23,0.9705579242004982
0.8,2.61,0.9705571064061688
1.1,1.25,0.9705564541068269
0.96,1.21,0.9705529926535265
1.06,1.33,0.9705522309096842
0.78,0.93,0.97055169619281
0.9,1.05,0.9705511833689217
0.94,1.05,0.9705508291940069
0.98,1.15,0.9705499956176685
1.02,1.21,0.9705489849538728
1.14,1.33,0.9705480461225733
0.92,1.15,0.9705476350991437
1.08,1.23,0.970547017020294
0.9,1.07,0.9705468549168179
0.96,1.07,0.9705467496618571
1.12,1.27,0.9705454032616302
0.98,1.09,0.970544709895782
1.12,1.43,0.9705446749402528
1.16,1.37,0.9705445696852917
0.84,1.05,0.9705398117712748
0.8,0.89,0.9705396880778303
1.0,1.19,0.97053954786734
1.02,1.19,0.9705393707798827
1.16,1.31,0.9705392839634052
1.04,1.31,0.9705382882835907
0.9,1.13,0.9705381980126108
0.96,1.13,0.9705380927576499
0.82,1.03,0.970537345997789
0.78,0.87,0.9705367962969335
1.14,1.43,0.9705350607662626
1.16,1.35,0.9705349555113015
0.96,1.15,0.9705337643055464
1.0,1.25,0.9705308909631328
0.94,1.13,0.9705308725246494
1.0,1.17,0.9705299336933498
1.12,1.33,0.9705297750443762
1.08,1.35,0.9705297032118798
0.92,1.03,0.9705274494813806
1.1,1.31,0.9705268832634794
1.06,1.27,0.9705260312486574
0.88,1.05,0.9705259409776775
1.06,1.19,0.9705250739788744
1.08,1.29,0.9705244174899933
0.82,0.91,0.9705241316930726
0.88,1.03,0.9705232981167343
0.86,1.01,0.9705228721093233
1.14,1.27,0.9705218464615464
0.78,2.55,0.9705193580600379
0.84,0.99,0.9705179405623515
1.0,1.11,0.9705176766584166
0.88,1.11,0.9705172840734705
1.1,1.29,0.9705172690894891
1.12,1.41,0.9705141468271222
1.12,1.31,0.9705131895573392
1.1,1.23,0.9705119833676027
0.9,1.01,0.9705110410818009
1.08,1.21,0.9705095175941167
1.16,1.45,0.9705080275288974
1.08,1.27,0.9705078320029564
1.04,1.25,0.9705051173095169
0.86,1.03,0.9705046010311261
1.04,1.17,0.9705041600397339
1.14,1.37,0.9705018897921889
1.12,1.25,0.9705009325224059
0.92,1.11,0.9705005214989763
0.84,1.01,0.9704996694841542
1.16,1.29,0.9704948132241812
0.8,0.97,0.9704918461562856
0.82,0.99,0.9704902323976216
0.88,0.99,0.9704901271426606
0.98,1.19,0.9704898966611903
1.02,1.15,0.9704852858666685
0.9,1.09,0.9704841130993968
1.16,1.39,0.9704818278678703
1.02,1.23,0.9704792718234047
1.1,1.33,0.9704780840721515
1.06,1.29,0.9704772320573296
1.0,1.21,0.9704768060499186
1.12,1.35,0.9704740045400015
0.96,1.17,0.970471022488125
0.84,2.75,0.9704673313513821
1.06,1.17,0.9704666606135567
1.08,1.31,0.970461675672572
0.78,0.95,0.9704610691232015
0.94,1.15,0.9704541880811345
1.02,1.27,0.9704540294321607
1.1,1.37,0.9704528416809076
0.9,0.99,0.9704526277164832
0.88,1.07,0.9704492565341626
0.84,0.93,0.9704472701621004
1.14,1.39,0.9704461192878143
1.04,1.15,0.9704457466744162
0.86,0.95,0.9704452303960255
1.08,1.19,0.9704441329157523
0.82,2.69,0.9704439516387559
1.04,1.27,0.9704423754920956
0.98,1.07,0.9704418257912399
1.1,1.21,0.9704396273761913
0.88,0.97,0.9704386850903896
0.92,1.13,0.9704377796815549
0.96,1.05,0.9704368942442683
0.86,1.05,0.9704348879006579
0.98,1.21,0.970434126156816
0.94,1.03,0.9704340024633713
0.78,0.85,0.9704339121923916
1.02,1.13,0.9704338438143977
1.16,1.41,0.9704330286765428
0.8,2.63,0.9704316227713262
0.84,1.03,0.9704299563536862
0.9,1.11,0.9704213712819754
1.0,1.23,0.9704210355455442
0.82,1.01,0.9704205192671534
1.02,1.25,0.9704165300059833
1.1,1.35,0.9704153422547304
1.0,1.09,0.9704147925538747
1.08,1.33,0.9704128764812444
0.94,1.17,0.9704123602028535
0.96,1.19,0.9704082806707036
1.06,1.31,0.9704075189268616
1.12,1.37,0.9704042914095335
0.92,1.01,0.9704036514376981
0.8,0.99,0.970401219086677
0.78,2.57,0.9704008457382421
0.78,0.97,0.9703983273057801
1.16,1.43,0.9703912007982618
1.14,1.25,0.9703910771048173
0.84,2.77,0.9703906469078672
1.14,1.41,0.9703903487834399
1.04,1.29,0.9703866049877211
0.86,1.07,0.9703791173962836
1.16,1.27,0.9703779864935456
0.88,1.09,0.9703725720906476
0.78,2.61,0.9703712748948945
1.12,1.23,0.97036319185263
1.12,1.39,0.9703624635312527
0.8,2.69,0.9703602240496978
0.82,2.75,0.9703516389779869
0.82,2.73,0.9703489961170438
0.82,2.71,0.9703393819430537
0.8,2.67,0.970336667249614
0.98,1.03,0.9703319703736515
0.94,0.99,0.9703311183588296
1.02,1.11,0.9703309597098556
0.96,1.01,0.9703270388266795
0.8,2.73,0.9703236818933035
0.8,2.65,0.9703200817625772
0.92,0.97,0.9703147099592501
1.0,1.05,0.9703049371362861
0.94,1.01,0.9703032331066422
1.02,1.07,0.9703004315967251
0.96,1.03,0.9702991535744924
0.8,2.75,0.9702984395020594
0.9,0.95,0.9702983015596703
0.98,1.05,0.9702971138084173
0.84,0.89,0.9702929440052875
0.8,0.85,0.9702920919904656
1.06,1.13,0.9702914205176034
0.78,2.59,0.970289304729493
0.78,2.63,0.9702876191383328
0.92,0.99,0.9702868247070627
1.06,1.15,0.9702844492045566
0.88,0.93,0.9702843589335767
0.86,0.91,0.9702839329261659
0.82,0.87,0.9702835069187549
1.14,1.21,0.9702812216872285
0.84,2.79,0.9702791058991181
0.8,0.87,0.970278149364372
1.04,1.11,0.9702774778915098
0.9,0.97,0.9702773876205301
0.94,0.93,0.9702770334456153
1.14,1.23,0.9702742503741817
0.96,0.95,0.9702729539134655
0.84,0.91,0.970272030066147
0.78,2.67,0.9702719909210789
0.98,0.97,0.9702709141473904
1.04,1.13,0.9702705065784629
1.0,1.07,0.9702700805710519
0.86,0.93,0.9702699903000722
0.82,0.89,0.9702695642926612
1.08,1.15,0.970268892819799
1.02,1.09,0.9702655750314911
1.06,1.05,0.9702652208565764
1.1,1.19,0.970264387280238
1.1,1.17,0.970264387280238
0.88,0.95,0.9702634449944364
1.08,1.17,0.9702619215067522
1.16,1.23,0.9702611597629099
0.92,0.91,0.9702606250460356
0.94,0.95,0.970256119506475
0.82,2.77,0.9702540405953316
1.06,1.11,0.9702539210914262
0.78,2.69,0.9702537198428818
1.12,1.19,0.9702533364350412
1.12,1.21,0.9702533364350412
0.96,0.97,0.970252039974325
1.04,1.03,0.9702512782304828
0.9,0.89,0.9702511879595029
0.98,0.99,0.9702500002082499
0.8,2.71,0.9702486830409489
1.14,1.13,0.9702480507131548
1.16,1.25,0.9702472171368163
1.06,1.07,0.970244306917436
1.0,0.99,0.970243880910025
1.14,1.19,0.9702437222610513
1.08,1.07,0.970242693158772
1.04,1.09,0.9702399784653325
0.92,0.93,0.9702397111068953
1.02,1.01,0.9702393753704642
1.1,1.09,0.9702381876192111
1.08,1.13,0.9702313933936216
1.04,1.05,0.9702303642913424
0.94,0.97,0.9702282342542876
1.12,1.11,0.9702271367740143
1.14,1.15,0.9702271367740143
1.1,1.15,0.9702268878540607
0.84,0.85,0.9702249164659799
0.96,0.99,0.9702241547221377
1.16,1.21,0.9702236603367327
1.06,1.09,0.9702233929782955
0.9,0.91,0.9702233027073158
1.0,1.01,0.9702229669708845
0.98,1.01,0.9702221149560627
1.08,1.09,0.9702217792196315
1.02,1.03,0.9702184614313237
1.1,1.11,0.9702172736800706
0.86,0.87,0.970215905386858
1.12,1.17,0.9702158370088639
1.16,1.15,0.9702140461627428
1.14,1.17,0.9702131941479207
0.92,0.95,0.9702118258547081
1.04,1.07,0.970209450352202
0.88,0.89,0.9702093600812222
1.12,1.13,0.9702062228348739
0.9,0.93,0.9702023887681753
1.0,1.03,0.9702020530317442
1.08,1.11,0.9702008652804911
1.16,1.17,0.9702001035366491
1.02,1.05,0.9701975474921832
1.1,1.13,0.9701963597409303
0.8,2.77,0.9701938698063572
1.12,1.15,0.9701922802087802
0.78,2.65,0.9701900207556774
1.16,1.19,0.9701861609105554
0.88,0.91,0.9701814748290349
0.86,0.89,0.9701810488216239
0.82,2.79,0.9701773561518167
0.84,0.87,0.9701761172746521
1.06,0.93,0.9701753221083452
1.04,0.91,0.9701753221083452
0.82,0.85,0.9701736515011662
0.86,0.85,0.9701644633345871
1.02,0.89,0.9701634192483265
0.96,0.85,0.9701621412260937
0.88,0.87,0.9701579180289511
0.98,0.87,0.9701531301469718
1.08,0.95,0.9701527944105407
0.78,2.71,0.9701491501471796
1.14,1.11,0.9701451666086128
0.98,0.85,0.9701435159729819
1.1,0.97,0.9701413175579331
1.14,1.01,0.9701372380257832
1.06,0.95,0.9701334942300645
0.94,0.85,0.9701313641930095
1.08,0.93,0.9701292376104571
1.04,0.93,0.9701265229170176
1.0,0.89,0.9701260969096065
1.1,0.95,0.9701247320708962
0.8,2.79,0.9701241566758892
0.94,0.91,0.9701227072888026
0.96,0.87,0.9701203133478128
0.96,0.93,0.9701186277566526
1.16,1.13,0.9701181333712475
0.98,0.95,0.9701165879905775
1.12,0.99,0.9701163240866427
1.02,0.91,0.9701146200569988
1.14,0.99,0.9701136812256994
1.1,1.05,0.9701117467145856
1.12,0.97,0.9701067099126526
0.92,0.89,0.970106298889223
1.16,1.03,0.970103233475371
1.0,0.87,0.9701025401095228
1.14,1.03,0.9701023814605491
1.14,1.09,0.9701006958693887
1.08,0.97,0.9700970239061663
1.06,1.03,0.97009695207367
0.9,0.87,0.9700968618026901
1.12,1.07,0.9700937245563419
1.1,0.99,0.9700925183666054
0.98,0.89,0.9700903883295505
1.04,1.01,0.9700830094475763
0.88,0.85,0.9700829191765966
1.0,0.97,0.9700825834401653
1.12,1.01,0.9700814675214087
0.98,0.93,0.9700790885644001
1.02,0.99,0.9700780779006045
1.06,0.97,0.9700777237256899
1.08,1.05,0.9700744243758654
1.16,1.11,0.9700736626320235
1.16,1.01,0.9700727053622406
1.1,1.07,0.9700699188363048
1.16,1.05,0.9700683769101369
1.04,0.95,0.9700637810995962
1.06,1.01,0.9700594526474927
1.12,1.09,0.9700588679911079
0.78,2.73,0.970058523077571
1.0,0.91,0.9700563837791384
1.08,0.99,0.9700551960278854
0.94,0.87,0.9700546797494946
1.02,0.93,0.9700518782395774
1.1,1.01,0.9700506904883245
0.96,0.89,0.9700506002173447
1.04,0.99,0.970045510021399
0.92,0.85,0.9700452426629619
1.0,0.95,0.970045084013988
0.98,0.91,0.9700415891382228
1.14,1.05,0.9700396396431277
1.08,1.03,0.9700369249496882
1.02,0.97,0.9700336071613803
1.06,0.99,0.9700289245343622
1.12,1.03,0.9700187257039873
1.04,0.97,0.9700149819082685
1.0,0.93,0.9700145559008576
1.16,1.07,0.9700126064057623
0.94,0.89,0.9700058805581669
1.02,0.95,0.9700030790482499
0.96,0.91,0.970001801026017
1.08,1.01,0.9699994255235108
1.1,1.03,0.96999491998395
1.14,1.07,0.9699908404518002
0.92,0.87,0.9699894721585873
0.9,0.85,0.9699800350720547
1.12,1.05,0.9699768978257065
1.16,1.09,0.9699638072144348
0.78,2.75,0.9699609246949156
0.78,2.77,0.9699287109906246
1.06,0.91,0.9699207547079336
1.04,0.89,0.96990681208184
0.78,2.79,0.9699034685993809
1.02,0.87,0.9698155819173633
1.16,0.99,0.9697972240226885
1.14,0.97,0.9697588725816894
1.06,0.89,0.9697106580467464
1.08,0.91,0.969688130348942
1.0,0.85,0.9696823467871482
1.1,0.93,0.9696766534963343
1.12,0.95,0.9696656026511374
1.04,0.87,0.9696173881161946
1.14,0.95,0.9696141605988666
1.02,0.85,0.9696054852561758
1.12,0.93,0.9695932466597261
1.16,0.97,0.9695871273615012
1.06,0.85,0.9695493605768867
1.1,0.91,0.9695389128265584
1.08,0.87,0.9695198615660354
1.16,0.93,0.9695051571960999
1.1,0.89,0.9695014134003811
1.04,0.85,0.9695005613855591
1.06,0.87,0.9695005613855591
1.14,0.93,0.969497333868231
1.12,0.91,0.9694833912421373
1.08,0.85,0.9694753908268113
1.08,0.89,0.9694710623747079
1.1,0.87,0.9694708852872505
1.16,0.95,0.9694703006308657
1.14,0.91,0.9694668057551006
1.16,0.91,0.9694606864568756
1.12,0.89,0.9694598344420537
1.14,0.87,0.969384835589699
1.12,0.85,0.9693708929636055
1.16,0.89,0.9693368884131933
1.14,0.89,0.9693360363983713
1.1,0.85,0.9693331446174746
1.12,0.87,0.9693220937722776
1.14,0.85,0.9691886815546052
1.16,0.85,0.9691825622563804
1.16,0.87,0.9691407343780996
